insert into users (id, name, email, password_hash, role, status, created_at, updated_at) values
('00000000-0000-0000-0000-000000000001', 'Administrador', 'admin@buses.gt', '$2a$10$Ci3K0lnMNq3QYXApbXmNJO1g9ohiFpapTxXlsBpd2Ok6taYkjRJBe', 'ADMIN', 'ACTIVE', now(), now()),
('00000000-0000-0000-0000-000000000002', 'Ana Morales', 'ana@buses.gt', null, 'PASSENGER', 'ACTIVE', now(), now()),
('00000000-0000-0000-0000-000000000003', 'Mariana Estrada', 'mariana@transurb.gt', '$2a$10$Ci3K0lnMNq3QYXApbXmNJO1g9ohiFpapTxXlsBpd2Ok6taYkjRJBe', 'OPERATOR', 'ACTIVE', now(), now());

insert into stops (id, code, name, address, latitude, longitude, status, created_at, updated_at) values
('10000000-0000-0000-0000-000000000001', 'P-001', 'Terminal Oriente', 'Ingreso Terminal Oriente', 14.982000, -89.543000, 'ACTIVE', now(), now()),
('10000000-0000-0000-0000-000000000002', 'P-002', 'Mercado Central', 'Avenida principal y 2a calle', 14.978500, -89.539500, 'ACTIVE', now(), now()),
('10000000-0000-0000-0000-000000000003', 'P-003', 'Parque Central', 'Centro historico', 14.972200, -89.530600, 'ACTIVE', now(), now()),
('10000000-0000-0000-0000-000000000004', 'P-004', 'Hospital Regional', 'Boulevard hospital', 14.968200, -89.526100, 'ACTIVE', now(), now()),
('10000000-0000-0000-0000-000000000005', 'P-005', 'Universidad', 'Calzada universitaria', 14.963400, -89.521700, 'ACTIVE', now(), now()),
('10000000-0000-0000-0000-000000000006', 'P-006', 'Plaza Comercial', 'Avenida principal', 14.970000, -89.530000, 'ACTIVE', now(), now()),
('10000000-0000-0000-0000-000000000007', 'P-007', 'Aeropuerto', 'Ingreso aeropuerto', 14.956500, -89.516300, 'ACTIVE', now(), now()),
('10000000-0000-0000-0000-000000000008', 'P-008', 'Terminal Sur', 'Salida sur', 14.950200, -89.510800, 'ACTIVE', now(), now());

insert into routes (id, name, status, origin_stop_id, destination_stop_id, geometry, created_at, updated_at) values
('20000000-0000-0000-0000-000000000001', 'Ruta 12 Centro', 'ACTIVE', '10000000-0000-0000-0000-000000000001', '10000000-0000-0000-0000-000000000003', '{"type":"LineString","coordinates":[[-89.543000,14.982000],[-89.539500,14.978500],[-89.530600,14.972200]]}', now(), now()),
('20000000-0000-0000-0000-000000000002', 'Ruta 30 Aeropuerto', 'ACTIVE', '10000000-0000-0000-0000-000000000003', '10000000-0000-0000-0000-000000000007', '{"type":"LineString","coordinates":[[-89.530600,14.972200],[-89.530000,14.970000],[-89.521700,14.963400],[-89.516300,14.956500]]}', now(), now()),
('20000000-0000-0000-0000-000000000003', 'Ruta Sur Express', 'ACTIVE', '10000000-0000-0000-0000-000000000004', '10000000-0000-0000-0000-000000000008', '{"type":"LineString","coordinates":[[-89.526100,14.968200],[-89.521700,14.963400],[-89.516300,14.956500],[-89.510800,14.950200]]}', now(), now());

insert into route_stops (id, route_id, stop_id, stop_order) values
('30000000-0000-0000-0000-000000000001', '20000000-0000-0000-0000-000000000001', '10000000-0000-0000-0000-000000000001', 1),
('30000000-0000-0000-0000-000000000002', '20000000-0000-0000-0000-000000000001', '10000000-0000-0000-0000-000000000002', 2),
('30000000-0000-0000-0000-000000000003', '20000000-0000-0000-0000-000000000001', '10000000-0000-0000-0000-000000000003', 3),
('30000000-0000-0000-0000-000000000004', '20000000-0000-0000-0000-000000000002', '10000000-0000-0000-0000-000000000003', 1),
('30000000-0000-0000-0000-000000000005', '20000000-0000-0000-0000-000000000002', '10000000-0000-0000-0000-000000000006', 2),
('30000000-0000-0000-0000-000000000006', '20000000-0000-0000-0000-000000000002', '10000000-0000-0000-0000-000000000005', 3),
('30000000-0000-0000-0000-000000000007', '20000000-0000-0000-0000-000000000002', '10000000-0000-0000-0000-000000000007', 4),
('30000000-0000-0000-0000-000000000008', '20000000-0000-0000-0000-000000000003', '10000000-0000-0000-0000-000000000004', 1),
('30000000-0000-0000-0000-000000000009', '20000000-0000-0000-0000-000000000003', '10000000-0000-0000-0000-000000000005', 2),
('30000000-0000-0000-0000-000000000010', '20000000-0000-0000-0000-000000000003', '10000000-0000-0000-0000-000000000007', 3),
('30000000-0000-0000-0000-000000000011', '20000000-0000-0000-0000-000000000003', '10000000-0000-0000-0000-000000000008', 4);

insert into buses (id, plate, code, capacity, route_id, status, created_at, updated_at) values
('40000000-0000-0000-0000-000000000102', 'C 102 BAA', 'BUS-102', 55, '20000000-0000-0000-0000-000000000001', 'ACTIVE', now(), now()),
('40000000-0000-0000-0000-000000000118', 'C 118 BAA', 'BUS-118', 55, '20000000-0000-0000-0000-000000000001', 'ACTIVE', now(), now()),
('40000000-0000-0000-0000-000000000124', 'C 124 BAA', 'BUS-124', 50, '20000000-0000-0000-0000-000000000002', 'MAINTENANCE', now(), now()),
('40000000-0000-0000-0000-000000000131', 'C 131 BAA', 'BUS-131', 45, '20000000-0000-0000-0000-000000000003', 'ACTIVE', now(), now()),
('40000000-0000-0000-0000-000000000140', 'C 140 BAA', 'BUS-140', 55, null, 'INACTIVE', now(), now());

insert into fares (id, name, amount, valid_from, valid_to, status, created_at, updated_at) values
('50000000-0000-0000-0000-000000000001', 'Tarifa urbana', 4.00, '2026-01-01', '2026-12-31', 'ACTIVE', now(), now()),
('50000000-0000-0000-0000-000000000002', 'Tarifa nocturna', 5.00, '2026-01-01', '2026-12-31', 'ACTIVE', now(), now());

insert into payments (id, user_id, bus_id, amount, date, status, method, external_reference, created_at, updated_at) values
('60000000-0000-0000-0000-000000000001', '00000000-0000-0000-0000-000000000002', '40000000-0000-0000-0000-000000000102', 4.00, now(), 'COMPLETED', 'QR', 'seed-001', now(), now()),
('60000000-0000-0000-0000-000000000002', '00000000-0000-0000-0000-000000000002', '40000000-0000-0000-0000-000000000118', 4.00, now(), 'COMPLETED', 'CARD', 'seed-002', now(), now()),
('60000000-0000-0000-0000-000000000003', '00000000-0000-0000-0000-000000000002', '40000000-0000-0000-0000-000000000131', 4.00, now(), 'COMPLETED', 'WALLET', 'seed-003', now(), now());
